{"cameraMode":{"drawMode":0,"name":"Shaded","section":"Shading Mode"},"sceneLighting":true,"audioPlay":false,"sceneViewState":{"m_AlwaysRefresh":false,"showFog":true,"showSkybox":false,"showFlares":true,"showImageEffects":true,"showParticleSystems":true,"showVisualEffectGraphs":true,"m_FxEnabled":true},"in2DMode":false,"pivot":{"x":-0.4087708592414856,"y":0.20627033710479737,"z":1.0427970886230469},"rotation":{"x":-0.004052153788506985,"y":0.9869697093963623,"z":-0.025173228234052659,"w":-0.1588735729455948},"size":1.2298285961151124,"orthographic":false}