{"cameraMode":{"drawMode":0,"name":"Shaded","section":"Shading Mode"},"sceneLighting":true,"audioPlay":false,"sceneViewState":{"m_AlwaysRefresh":false,"showFog":true,"showSkybox":false,"showFlares":true,"showImageEffects":true,"showParticleSystems":true,"showVisualEffectGraphs":true,"m_FxEnabled":true},"in2DMode":false,"pivot":{"x":-0.6018319129943848,"y":0.047893643379211429,"z":1.3079124689102173},"rotation":{"x":-0.14913596212863923,"y":0.706566572189331,"z":-0.15637779235839845,"w":-0.6738457083702087},"size":1.1068525314331055,"orthographic":false}