{"cameraMode":{"drawMode":0,"name":"Shaded","section":"Shading Mode"},"sceneLighting":true,"audioPlay":false,"sceneViewState":{"m_AlwaysRefresh":false,"showFog":true,"showSkybox":true,"showFlares":true,"showImageEffects":true,"showParticleSystems":true,"showVisualEffectGraphs":true,"m_FxEnabled":true},"in2DMode":false,"pivot":{"x":38.203453063964847,"y":18.79262924194336,"z":21.768394470214845},"rotation":{"x":0.19149188697338105,"y":0.37463587522506716,"z":-0.07936768978834152,"w":0.9037157893180847},"size":12.12435531616211,"orthographic":false}